infected,tremoved,sp,nucl
64420015_0,10,cattle,TAAGTATCTGCCTCCCATCTCACCGCGAGCTACAGCTCGGGTGGAACCACAATTCGACTGAATCAAAGTGTTATGGTAGACGGGCCGGAGTGGTTCGGCGTGGCGTCGAGCATACTCCGGTACACACTATGAAGTAGGCCATAGGGTCGACTTTGCTCGGATACCTATCCG
64420015_1,10,cattle,TAAGTATCTGCCTCCCATCTCACCGCGAGCTACAGCTCGGGTGGAACCACAATTCGACTGAATCAAAGTGTTATGGTAGACGGGCCGGAGTGGTTCGGCGTGGCGTCGAGCATACTCCGGTACACACTATGAAGTAGGCCATAGGGTCGACTTTGCTCGGATACCTATCCG
45_d500_99_839_0,89,badger,TAAGTATCTGCCTCCCATCTCACCGCGAGCTACAGCTCGGGTGGAACCACAATTCGACTGAATCAAAGTGTTATGGTAGACGGGCCGGAGTGGTTCGGCGTGGCGTCGAGCATACTCCGGTACACACTATGAAGTAGGCCATAGGGTCGACTTTGCTCGGATACCTATCCG
64420015_2,10,cattle,TAAGTATCTGCCTCCCATCTCACCGCGAGCTACAGCTCGGGTGGAACCACAATTCGACTGAATCAAAGTGTTATGGTAGACGGGCCGGAGTGGTTCGGCGTGGCGTCGAGCATACTCCGGTACACACTATGAAGTAGGCCATAGGGTCGACTTTGCTCGGATACCTATCCG
64420015_3,9,cattle,TAAGTATCTGCCTCCCATCTCACCGCGAGCTACAGCTCGGGTGGAACCACAATTCGACTGAATCAAAGTGTTATGGTAGACGGGCCGGAGTGGTTCGGCGTGGCGTCGAGCATACTCCGGTACACACTATGAAGTAGGCCATAGGGTCGACTTTGCTCGGATACCTATCCG
45_d500_152_0,78,badger,TAAGTATCTGCCTCCCATCTCACCGCGAGCTACAGCTCGGGTGGAACCACAATTCGACTGAATCAAAGTGTTATGGTAGACGGGCCGGAGTGGTTCGGCGTGGCGTCGAGCATACTCCGGTACACACTATGAAGTAGGCCATAGGGTCGACTTTGCTCGGATACCTATCCG
64420015_4,10,cattle,TAAGTATCTGCCTCCCATCTCACCGCGAGCTACAGCTCGGGTGGAACCACAATTCGACTGAATCAAAGTGTTATGGTAGACGGGCCGGAGTGGTTCGGCGTGGCGTCGAGCATACTCCGGTACACACTATGAAGTAGGCCATAGGGTCGACTTTGCTCGGATACCTATCCG
45_d500_160_2,84,badger,TAAGTATCTGCCTCCCATCTCACCGCGAGCTACAGCTCGGGTGGAACCACAATTCGACTGAATCAAAGTGTTATGGTAGACGGGCCGGAGTGGTTCGGCGTGGCGTCGAGCATACTCCGGTACACACTATGAAGTAGGCCATTGGGTCGACTTTGCTCGGATACCTATCCG
64420015_5,10,cattle,TAAGTATCTGCCTCCCATCTCACCGCGAGCTACAGCTCGGGTGGAACCACAATTCGACTGAATCAAAGTGTTATGGTAGACGGGCCGGAGTGGTTCGGCGTGGCGTCGAGCATACTCCGGTACACACTATGAAGTAGGCCATAGGGTCGACTTTGCTCGGATACCTATCCG
45_d500_156_1,73,badger,TAAGTATCTGCCTCCCATCTCACCGCGGGCTACAGCTCGGGTGGAACCACAATTCGACTGAATCAAAGTGTTATGGTAGACGGGCCGGAGTGGTTCGGCGTGGCGTCGAGCATACTCCGGTACACACTATGAAGTAGGCCATAGGGTCGACTTTGCTCGGATACCTATCCG
64420015_7,10,cattle,TAAGTATCTGCCTCCCATCTCACCGCGAGCTACAGCTCGGGTGGAACCACAATTCGACTGAATCAAAGTGTTATGGTAGACGGGCCGGAGTGGTTCGGCGTGGCGTCGAGCATACTCCGGTACACACTATGAAGTAGGCCATAGGGTCGACTTTGCTCGGATACCTATCCG
64420015_6,10,cattle,TAAGTATCTGCCTCCCATCTCACCGCGAGCTACAGCTCGGGTGGAACCACAATTCGACTGAATCAAAGTGTTATGGTAGACGGGCCGGAGTGGTTCGGCGTGGCGTCGAGCATACTCCGGTACACACTATGAAGTAGGCCATAGGGTCGACTTTGCTCGGATACCTATCCG
45_d500_156_2,92,badger,TAAGTATCTGCCTCCCATCTCACCGCGAGCTACAGCTCGGGCGGAACCACAATTCGACTGAATCAAAGTGTTATGGTAGACGGGCCGGAGTGGTTCGGCGTGGCGTCGAGCATACTCCGGTACACACTATGAAGTAGGCCATAGGGTCGACTTTGCTCGGATACCTATCCG
64420012_0,58,cattle,TAAGTATCTGCCTCCCATCTCACCGCGAGCTACAGCTCGGGTGGAACCACAATTCGACTGAATCAAAGTGTTATGGTAGACGGGCCGGAGTGGTTCGGCGTGGCGTCGAGCATACTCCGGTACACACTATGAAGTAGGCCATTGGGTCGACTTTGCTCGGATACCTATCCG
64420012_1,52,cattle,TAAGTATCTGCCTCCCATCTCACCGCGAGCTACAGCTCGGGTGGAACCACAATTCGACTGAATCAAAGTGTTATGGTAGACGGGCCGGAGTGGTTCGGCGTGGCGTCGAGCATACTCCGGTACACACTATGAAGTAGGCCATTGGGTCGACTTTGCTCGGATACCTATCCG
64420012_2,59,cattle,TAAGTATCTGCCTCCCATCTCACCGCGAGCTACAGCTCGGGTGGAACCACAATTCGACTGAATCAAAGTGTTATGGTAGACGGGCCGGAGTGGTTCGGCGTGGCGTCGAGCATACTCCGGTACACACTATGAAGTAGGCCATTGGGTCGACTTTGCTCGGATACCTATCCG
64420012_3,59,cattle,TAAGTATCTGCCTCCCATCTCACCGCGAGCTACAGCTCGGGTGGAACCACAATTCGACTGAATCAAAGTGTTATGGTAGACGGGCCGGAGTGGTTCGGCGTGGCGTCGAGCATACTCCGGTACACACTATGAAGTAGGCCATTGGGTCGACTTTGCTCGGATACCTATCCG
45_d500_124_0,157,badger,TAAGTATCTGCCTCCCATCTCACCGCGAGCTACAGCTCGGGTGGAACCACAATTCGACTGAATCAAAGTGTTATGGTAGACGGGCCGGAGTGGTTCGGCGTGGCGTCGAGCATACTCCGGTACACACTATGAAGTAGGCCATTAGGTCGACTTTGCTCGGATACCTATCCG
45_d500_124_1,85,badger,TAAGTATCTGCCTCCCATCTCACCGCGAGCTACAGCTCGGGTGGAACCACAATTCGACTGAATCAAAGTGTTATGGTAGACGGGCCGGAGTGGTTCGGCGTGGCGTCGAGCATACTCCGGTACACACTATAAAGTAGGCCATTGGGTCGACTTTGCTCGGATACCTATCCG
45_d500_124_2,67,badger,TAAGTATCTGCCTCCCATCTCACCGCGAGCTACAGCTCGGGTGGAACCACAATTCGACTGAATCAAAGTTTTATGGTAGACGGGCCGGAGTGGTTCGGCGTGGCGTCGAGCATACTCCGGTACACACTATGAAGTAGGCCATTGGGTCGACTTTGCTCGGATACCTATCCG
64420039_0,73,cattle,TAAGTATCTGCCTCCCATCTCACCGCGAGCTACAGCTCGGGTGGAACCACAATTCGACTGAATCAAAGTGTTATGGTAGACGGGCCGGAGTGGTTCGGCGTGGCGTCGAGCATACTCCGGTACACACTATGAAGTAGGCCATAGGGTCGACTTTGCTCGGATACCTATCCG
45_d500_156_3,99,badger,TAAGTATCTGCCTCCCATCTCACCGCGGGCTACAGCTCGGGTGGAACCACAATTCGACTGAATCAAAGTGTTATGGTAGACGGGCCGGAGCGGTTCGGCGTGGCGTCGAGCATACTCCGGTACACACTATGAAGTAGGCCATAGGGTCGACTTTGCTCGGATACCTATCCG
45_d500_170_0,68,badger,TAAGTATCTGCCTCCCATCTCACCGCGAGCTACAGCTCGGGTGGAACCACAATTCGACTGAATCAAAGTGTTATGGTAGACGGGCCGGAGTGGTTCGGCGTGGCGTCGAGCATACTCCGGTACACACTATGAAGTAGGCCATAGGGTCGACTTTGCTCGGATACCTATCCG
45_d500_99_766_0,75,badger,TAAGTATCTGCCTCCCATCTCACCGCGAGCTACAGCTCGGGTGGAACCACAATTCGACTGAATCAAAGTGTTATGGTAGACGGGCCGGAGTGCTTCGGCGTGGCGTCGAGCATACTCCGGTACACACTATGAAGTAGGCCATAGGGTCGACTTTGCTCGGATACCTATCCG
45_d500_99_839_1,112,badger,TAAGTATCTGCCTCCCATCTCACCGCGAGCTACAGCTCGGGTGGAACCACAATTCGACTGAATCAAAGTGTTATGGTAGACGGGCCGGAGTGGTTCGGCGTGGCGTCGAGCATACTCCGGTACACACTATGAAGTAGGCCATAGGGTCGACTTTGCTCGGATACCTATCCG
64420039_1,71,cattle,TAAGTATCTGCCTCCCATCTCACCGCGAGCTACAGCTCGGGTGGAACCACAATTCGACTGAATCAAAGTGTTATGGTAGACGGGCCGGAGTGGTTCGGCGTGGCGTCGAGCATACTCCGGTACACACTATGAAGTAGGCCATAGGGTCGACTTTGCTCGGATACCTATCCG
45_d500_124_3,92,badger,TAAGTATCTGCCTCCCATCTCACCGCGAGCTACAGCTCGGGTGGAACCACAATTCGACTGAATCAAAGTGTTATGGTAGACGGGCCGGAGTGGTTCGGCGTGGCGTCGAGCATACTCCGGTACACACTATGAAGTAGGCCATAGGGTCGACTTTGCTCGGATACCTATCCG
45_d500_170_1,80,badger,TAAGTATCTGCCTCCCATCTCACCGCGAGCTACAGCTCGGGTGGAACCACAATTCGACTGAATCAAAGTGTTATGGTAGACGGGCCGGAGTGGTTCGGCGTGGCGTCGAGCATACTCCGGTACACACTATGAAGTAGGCCATAGGGTCGACTTTGCTCGGATACCTATCCG
45_d500_99_766_1,150,badger,TAAGTATCTGCCTCCCATCTCACCGCGAGCTACAGCTCGGGTGGAACTACAATTCGACTGAATCAAAGTGTTATGGTAGACGGGCCGGAGTGGTTCGGCGTGGCGTCGAGCATACTCCGGTACACACTATGAAGTAGGCCATAGGGTCGACTTTGCTCGGATACCTATCCG
45_d500_171_0,157,badger,TAAGTTTCTGCCTCCCATCTCACCGCGAGCTACAGCTCGGGTGGAACCACAATTCGACTGAATCAAAGTGTTATGGTAGACGGGCCGGAGTGGTTCGGCGTGGCGTCGAGCATACTCCGGTACACACTATGAAGTAGGCCATAGGGTCGACTTTGCTCGGATACCTATCCG
64420039_2,73,cattle,TAAGTATCTGCCTCCCATCTCACCGCGAGCTACAGCTCGGGTGGAACCACAATTCGACTGAATCAAAGTGTTATGGTAGACGGGCCGGAGTGGTTCGGCGTGGCGTCGAGCATACTCCGGTACACACTATGAAGTAGGCCATAGGGTCGACTTTGCTCGGATACCTATCCG
64420039_3,71,cattle,TAAGTATCTGCCTCCCATCTCACCGCGAGCTACAGCTCGGGTGGAACCACAATTCGACTGAATCAAAGTGTTATGGTAGACGGGCCGGAGTGGTTCGGCGTGGCGTCGAGCATACTCCGGTACACACTATGAAGTAGGCCATAGGGTCGACTTTGCTCGGATACCTATCCG
45_d500_99_766_2,78,badger,TAAGTATCTGCCTCCCATCTCACCGCGAGCTACAGCTCGGGTGGAACCACAATTCGACTGAATCAAAGTGTTATGGTAGACGGGCCGGAGTGGTTCGGCGTGGCGTCGAGCATACTCCGGTACACACTATGAAGTAGGCCATAGGGTCGACTTTGCTCGGATACCTATCCG
64420039_4,71,cattle,TAAGTATCTGCCTCCCATCTCACCGCGAGCTACAGCTCGGGTGGAACCACAATTCGACTGAATCAAAGTGTTATGGTAGACGGGCCGGAGTGGTTCGGCGTGGCGTCGAGCATACTCCGGTACACACTATGAAGTAGGCCATAGGGTCGACTTTGCTCGGATACCTATCCG
45_d500_99_866_0,138,badger,TAAGTATCTGCCTCCCATCTCACCGCGAGCTACAGCTCGGGTGGAACCACAATTTGACTGAATCAAAGTGTTATGGTAGACGGGCCGGAGTGGTTCGGCGTGGCGTCGAGCATACTCCGGTACACACTATGAAGTAGGCCATAGGGTCGACTTTGCTCGGATACCTATCCG
64420039_6,71,cattle,TAAGTATCTGCCTCCCATCTCACCGCGAGCTACAGCTCGGGTGGAACCACAATTCGACTGAATCAAAGTGTTATGGTAGACGGGCCGGAGTGGTTCGGCGTGGCGTCGAGCATACTCCGGTACACACTATGAAGTAGGCCATAGGGTCGACTTTGCTCGGATACCTATCCG
64420039_5,71,cattle,TAAGTATCTGCCTCCCATCTCACCGCGAGCTACAGCTCGGGTGGAACCACAATTCGACTGAATCAAAGTGTTATGGTAGACGGGCCGGAGTGGTTCGGCGTGGCGTCGAGCATACTCCGGTACACACTATGAAGTAGGCCATAGGGTCGACTTTGCTCGGATACCTATCCG
64420039_7,71,cattle,TAAGTATCTGCCTCCCATCTCACCGCGAGCTACAGCTCGGGTGGAACCACAATTCGACTGAATCAAAGTGTTATGGTAGACGGGCCGGAGTGGTTCGGCGTGGCGTCGAGCATACTCCGGTACACACTATGAAGTAGGCCATAGGGTCGACTTTGCTCGGATACCTATCCG
64420039_8,71,cattle,TAAGTATCTGCCTCCCATCTCACCGCGAGCTACAGCTCGGGTGGAACCACAATTCGACTGAATCAAAGTGTTATGGTAGACGGGCCGGAGTGGTTCGGCGTGGCGTCGAGCATACTCCGGTACACACTATGAAGTAGGCCATAGGGTCGACTTTGCTCGGATACCTATCCG
45_d500_156_4,110,badger,TAAGTATCTGCCTCCCATCTCACCGCGGGCTACAGCTCGGGTGGAACCACAATTCGACTGAATCAAAGTGTTATGGTAGACGGGCCGGAGCGGTTCGGCGTGGCGTCGAGCATACTCCGGTACACACTATGAAGTAGGCCATAGGGTCGACTTTGCTCGGATACCTATCCG
64281003_0,86,cattle,TAAGTATCTGCCTCCCATCTCACCGCGAGCTACAGCTCGGGTGGAACCACAATTCGACTGAATCAAAGTGTTATGGTAGACGGGCCGGAGTGGTTCGGCGTGGCGTCGAGCATACTCCGGTACACACTATGAAGTAGGCCATAGGGTCGACTTTGCTCGGATACCTATCCG
45_d500_99_766_3,157,badger,TAAGTATCTGCCTCCCATCTCACCGCGAGCTACAGCTCGGGTGGAACCACAATTCGACTGAATCAAAGTGTTATGGTAGACGGGCCGGAGTGGTTCGGCGTGGCGTCGAGCATACTCCGGTACACACTATGAAGTAGGCCATAGGGTCGACTTTGCTCGGATACCTATCCG
45_d500_170_2,99,badger,TAAGTATCTGCCTCCCATCTCACCGCGAGCTACAGCTCGGGTGGAACCACAATTCGACTGAATCAAAGTGTTATGGTAGACGGGCCGGAGTGGTTCGGCGTGGCGTCGAGCATACTCCGGTACACACTATGAAGTAGGCCATAGGGTCGACTTTGCTCGGATACCTATCCG
45_d500_171_1,157,badger,TAAGTATCTGCCTCCCATCTCACCGCGAGCTACAGCTCGGGTGGAACCACAATTCGACTGAATCAAAGTGTTATGGTAGACGGGCCGGAGTGGTTCGGCGTGGCGTCGAGCATACTCCGGTACACACTATGAAGTAGGCCATAGGGTCGACTTTGCTCGGATACCTATCCG
45_d500_179_0,106,badger,TAAGTATCTGCCTCCCATCTCACCGCGAGCTACAGCTCGGGTGGAACCACAATTCGACTGAATCAAAGTGTTATGGTAGACGGGCCGGAGTGGTTCGGCGTGGCGTCGAGCATACTCCGGTACACACTATGAAGTAGGCCATAGGGTCGACTTTGCTCGGATACCTATCCG
45_d500_181_0,83,badger,TAAGTATCTGCCTCCCATCTCACCGCGAGCTACAGCTCGGGTGGAACCACAATTCGACTGAATCAAAGTGTTATGGTAGACGGGCCGGAGTGGTTCGGCGTGGCGTCGAGCATACTCCGGTACACACTATGAAGTAGGCCATAGGGTCGACTTTGCTCGGATACCTATCCG
45_d500_179_1,138,badger,TAAGTATCTGCCTCCCATCTCACCGCGAGCTACAGCTCGGGCGGAACCACAATTCGACTGAATCAAAGTGTTATGGTAGACGGGCCGGAGTGGTTCGGCGTGGCGTCGAGCATACTCCGGTACACACTATGAAGTAGGCCATAGGGTCGACTTTGCTCGGATACCTATCCG
64281003_1,84,cattle,TAAGTATCTGCCTCCCATCTCACCGCGAGCTACAGCTCGGGTGGAACCACAATTCGACTGAATCAAAGTGTTATGGTAGACGGGCCGGAGTGGTTCGGCGTGGCGTCGAGCATACTCCGGTACACACTATGAAGTAGGCCATAGGGTCGACTTTGCTCGGATACCTATCCG
45_d500_181_1,136,badger,TAAGTATCTGCCTCCCATCTCACCGCGAGCTACAGCTCGGGTGGAACCACAATTCGACTGAATCAAAGTGTTATGGTAGACGGGCCGGAGTGGTTCGGCGTGGCGTCGAGCATACTCCGGTACACACTATGAAGTAGGCCATAGGGTCGACTTTGCTCGGATACCTATCCG
45_d500_180_0,124,badger,TAAGTATCTGCCTCCCATCTCACCGCGAGCTACAGCTCGGGTGGAACCACAATTCGACTGAATCAAAGTGTTATGGTAGACGGGCCGAAGTGGTTCGGCGTGGCGTCGAGCATACTCCGGTACACACTATGAAGTAGGCCATAGGGTCGACTTTGCTCGGATACCTATCCG
64281_0,120,boar,TAAGTATCTGCCTCCCATCTCACCGCGAGCTACAGCTCGGGTGGAACCACAATTCGACTGAATCAAAGTGTTATGGTAGACGGGCCGGAGTGGTTCGGCGTGGCGTCGAGCATACTCCGGTACACACTATGAAGTAGGCCATAGGGTCGACTTTGCTCGGATACCTATCCG
64281_1,91,boar,TAAGTATCTGCCTCCCATCTCACCGCGAGCTACAGCTCGGGTGGAACCACAATTTGACTGAATCAAAGTGTTATGGTAGACGGGCCGGAGTGGTTCGGCGTGGCGTCGAGCATACTCCGGTACACACTATGAAGTAGGCCATAGGGTCGACTTTGCTCGGATACCTATCCG
64281_2,157,boar,TAAGTATCTGCCTCCCATCTCACCGCGAGCTACAGCTCGGGTGGAACCACAATTCGACTGAATCAAAGTGTTATGGTAGACGGACCGGAGTGGTTCGGCGTGGCGTCGAGCATACTCCGGTACACACTATGAAGTAGGCCATAGGGTCGACTTTGCTCGGATACCTATCCG
64281003_2,109,cattle,TAAGTATCTGCCTCCCATCTCACCGCGAGCTACAGCTCGGGTGGAACCACAATTCGACTGAATCAAAGTGTTATGGTAGACGGGCCGGAGTGGTTCGGCGTGGCGTCGAGCATACTCCGGTACACACTATGAAGTAGGCCATAGGGTCGACTTTGCTCGGATACCTATCCG
64420042_1,95,cattle,TAAGTATCTGCCTCCCATCTCACCGCGGGCTACAGCTCGGGTGGAACCACAATTCGACTGAATCAAAGTGTTATGGTAGACGGGCCGGAGCGGTTCGGCGTGGCGTCGAGCATACTCCGGTACACACTATGAAGTAGGCCATAGGGTCGACTTTGCTCGGATACCTATCCG
64281_3,98,boar,TAAGTATCTGCCTCCCATCTCACCGCGAGCTACAGCTCGGGTGGAACCACAATTCGACTGAATCAAAGTGTTATGGTAGACGGGCCGGAGTGGTTCGGCGTGGCGTCGAGCATACTCCGGTACACACTATGAAGTAGGCCATAGGGTCGACTTTGCTCGGATACCTATCCG
64281003_3,109,cattle,TAAGTATCTGCCTCCCATCTCACCGCGAGCTACAGCTCGGGTGGAACCACAATTCGACTGAATCAAAGTGTTATGGTAGACGGGCCGGAGTGGTTCGGCGTGGCGTCGAGCATACTCCGGTACACACTATGAAGTAGGCCATAGGGTCGACTTTGCTCGGATACCTATCCG
64281008_0,110,cattle,TAAGTATCTGCCTCCCATCTCACCGCGAGCTACAGCTCGGGTGGAACCACAATTCGACTGAATCAAAGTGTTATGGTAGACGGGCCGGAGTGGTTCGGCGTGGCGTCGAGCATACTCCGGTACACACTATGAAGTAGGCCATAGGGTCGACTTTGCTCGGATACCTATCCG
64281003_4,109,cattle,TAAGTATCTGCCTCCCATCTCACCGCGAGCTACAGCTCGGGTGGAACCACAATTCGACTGAATCAAAGTGTTATGGTAGACGGGCCGGAGTGGTTCGGCGTGGCGTCGAGCATACTCCGGTACACACTATGAAGTAGGCCATAGGGTCGACTTTGCTCGGATACCTATCCG
45_d500_181_2,113,badger,TAAGTATCTGCCTCCCATCTCACCGCGAGCTACAGCTCGGGTGGAACCACAATTCGACTGAATCAAAGTGTTATGGTAGACGGGCCGGAGTGGTTCGGCGTGGCGTCGAGCATACTCCGGTACACACTATGAAGTAGGCCATAGGGTCGACTTTGCTCGGATACCTATCCG
45_d500_159_855_0,150,badger,TAAGTATCTGCCTCCCATCTCACCGCGAGCTACAGCTCGGGTGGAACCACAATTCGACTGAATCAAAGTGTTATGGTAGACGGGCCGGAGTGGTTCGGCGTGGCGTCGAGCATACTCCGGTACACACTATGAGGTAGGCCATTAGGTCGACTTTGCTCGGATACCTATCCG
64416_0,106,boar,TAAGTATCTGCCTCCCATCTCACCGCGAGCTACAGCTCGGGTGGAACCACAATTCGACTGAATCAAAGTGTTATGGTAGACGGGCCGGAGTGGTTCGGCGTGGCGTCGAGCATACTCCGGTACACACTATGAAGTAGGCCATAGGGTCGACTTTGCTCGGATACCTATCCG
64281_4,105,boar,TAAGTATCTGCCTCCCATCTCACCGCGAGCTACAGCTCGGGTGGAACCACAATTCGACTGAATCAAAGTGTTATGGTAGACGGGCCGGAGTGGTTCGGCGTGGCGTCGAGCATACTCCGGTACACACTATGAAGTAGGCCATAGGGTCGACTTTGCTCGGATACCTATCCG
64281003_5,109,cattle,TAAGTATCTGCCTCCCATCTCACCGCGAGCTACAGCTCGGGTGGAACCACAATTCGACTGAATCAAAGTGTTATGGTAGACGGGCCGGAGTGGTTCGGCGTGGCGTCGAGCATACTCCGGTACACACTATGAAGTAGGCCATAGGGTCGACTTTGCTCGGATACCTATCCG
45_d500_180_1,134,badger,TAAGTATCTGCCTCCCATCTCACCGCGAGCTACAGCTCGGGTGGAACCACAATTCGACTGAATCAAAGTGTTATGGTAGACGGGCCGGAGTGGTTCGGCGTGGCGTCGAGCATACTCCGGTACACACTATGAAGTAGGCCATAGGGTCGACTTTGCTCGGATACCTATCCG
45_d500_181_3,112,badger,TAAGTATCTGCCTCCCATCTCACCGCGAGCTACAGCTCGGGTGGAACCACAATTCGACTGAATCAAAGTGTTATGGTAGACGGGCCGGAGTGGTTCGGCGTGGCGTCGAGCATACTCCGGTACACACTATGAAGTAGGCCATAGGGTCGACTTTGCTCGGATACCTATCCG
64281_5,124,boar,TAAGTATCTGCCTCCCATCTCACCGCGAGCTACAGCTCGGGTGGAACCACAATTCGACTGAATCAAAGTGTTATGGTAGACGGGCCGGAGTGGTTCGGCGTGGCGTCGAGCATACTCCGGTACACACTATGAAGTAGGCCATAGGGTCGACTTTGCTCGGATACCTATCCG
64281003_6,109,cattle,TAAGTATCTGCCTCCCATCTCACCGCGAGCTACAGCTCGGGTGGAACCACAATTCGACTGAATCAAAGTGTTATGGTAGACGGGCCGGAGTGGTTCGGCGTGGCGTCGAGCATACTCCGGTACACACTATGAAGTAGGCCATAGGGTCGACTTTGCTCGGATACCTATCCG
64281003_7,111,cattle,TAAGTATCTGCCTCCCATCTCACCGCGAGCTACAGCTCGGGTGGAACCACAATTCGACTGAATCAAAGTGTTATGGTAGACGGGCCGGAGTGGTTCGGCGTGGCGTCGAGCATACTCCGGTACACACTATGAAGTAGGCCATAGGGTCGACTTTGCTCGGATACCTATCCG
64281003_8,109,cattle,TAAGTATCTGCCTCCCATCTCACCGCGAGCTACAGCTCGGGTGGAACCACAATTCGACTGAATCAAAGTGTTATGGTAGACGGGCCGGAGTGGTTCGGCGTGGCGTCGAGCATACTCCGGTACACACTATGAAGTAGGCCATAGGGTCGACTTTGCTCGGATACCTATCCG
64281_6,110,boar,TAAGTATCTGCCTCCCATCTCACCGCGAGCTACAGCTCGGGTGGAACCACAATTCGACTGAATCAAAGTGTTATGGTAGACGGGCCGGAGTGGTTCGGCGTGGCGTCGAGCATACTCCGGTACACACTATGAAGTAGGCCATAGGGTCGACTTTGCTCGGATACCTATCCG
64281003_9,111,cattle,TAAGTATCTGCCTCCCATCTCACCGCGAGCTACAGCTCGGGTGGAACCACAATTCGACTGAATCAAAGTGTTATGGTAGACGGGCCGGAGTGGTTCGGCGTGGCGTCGAGCATACTCCGGTACACACTATGAAGTAGGCCATAGGGTCGACTTTGCTCGGATACCTATCCG
64281003_10,109,cattle,TAAGTATCTGCCTCCCATCTCACCGCGAGCTACAGCTCGGGTGGAACCACAATTCGACTGAATCAAAGTGTTATGGTAGACGGGCCGGAGTGGTTCGGCGTGGCGTCGAGCATACTCCGGTACACACTATGAAGTAGGCCATAGGGTCGACTTTGCTCGGATACCTATCCG
64281003_11,109,cattle,TAAGTATCTGCCTCCCATCTCACCGCGAGCTACAGCTCGGGTGGAACCACAATTCGACTGAATCAAAGTGTTATGGTAGACGGGCCGGAGTGGTTCGGCGTGGCGTCGAGCATACTCCGGTACACACTATGAAGTAGGCCATAGGGTCGACTTTGCTCGGATACCTATCCG
64281008_1,110,cattle,TAAGTATCTGCCTCCCATCTCACCGCGAGCTACAGCTCGGGTGGAACCACAATTCGACTGAATCAAAGTGTTATGGTAGACGGGCCGGAGTGGTTCGGCGTGGCGTCGAGCATACTCCGGTACACACTATGAAGTAGGCCATAGGGTCGACTTTGCTCGGATACCTATCCG
64281003_12,111,cattle,TAAGTATCTGCCTCCCATCTCACCGCGAGCTACAGCTCGGGTGGAACCACAATTCGACTGAATCAAAGTGTTATGGTAGACGGGCCGGAGTGGTTCGGCGTGGCGTCGAGCATACTCCGGTACACACTATGAAGTAGGCCATAGGGTCGACTTTGCTCGGATACCTATCCG
64281003_13,111,cattle,TAAGTATCTGCCTCCCATCTCACCGCGAGCTACAGCTCGGGTGGAACCACAATTCGACTGAATCAAAGTGTTATGGTAGACGGGCCGGAGTGGTTCGGCGTGGCGTCGAGCATACTCCGGTACACACTATGAAGTAGGCCATAGGGTCGACTTTGCTCGGATACCTATCCG
64420009_0,121,cattle,TAAGTATCTGCCTCCCATCTCACCGCGAGCTACAGCTCGGGTGGAACCACAATTTGACTGAATCAAAGTGTTATGGTAGACGGGCCGGAGTGGTTCGGCGTGGCGTCGAGCATACTCCGGTACACACTATGAAGTAGGCCATAGGGTCGACTTTGCTCGGATACCTATCCG
45_d500_180_2,157,badger,TAAGTATCTGCCTCCCATCTCACCGCGAGCTACAGCTCGGGTGGAACCACAATTCGACTGAATCAAAGTGTTATGGTAGACGGGCCGGAGTGGTTCGGCGTGGCGTCGAGCATACTCCGGTACACACTATGAAGTAGGCCATAGGGTCGACTTTGCTCGGATACCTATCCG
45_d500_100_0,124,badger,TAAGTATCTGCCTCCCATCTCACCGCGAGCTACAGCTCGGGTGGAACCACAATTTGACTGAATCAAAGTGTTATGGTAGACGGGCCGGAGTGGTTCGGCGTGGCGTCGAGCATACTCCGGTACACACTATGAAGTAGGCCATAGGGTCGACTTTGCTCGGATACCTATCCG
45_d500_57_605_0,126,badger,TAAGTATCTGCCTCCCATCTCACCGCGAGCTACAGCTCGGGTGGAACCACAATTTGACTGAATCAAAGTGTTATGGTAGACGGGCCGGAGTGGTTCGGCGTGGCGTCGAGCATACTCCGGTACACACTATGAAGTAGGCCATAGGGTCGACTTTGCTCGGATACCTATCCG
45_d500_162_0,131,badger,TAAGTATCTGCCTCCCATCTCACCGCGAGCTACAGCTCGGGTGGAACCACAATTTGACTGAATCAAAGTGTTATGGTAGACGGGCCGGAGTGGTTCGGCGTGGCGTCGAGCATACTCCGGTACACACTATGAAGTAGGCCATAGGGTCGACTTTGCTCGGATACCTATCCG
45_d500_99_716_0,157,badger,TAAGTATCTGCCTCCCATCTCACCGCGAGCTATAGCTCGGGTGGAACCACAATTTGACTGAATCAAAGTGTTATGGTAGACGGGCCGGAGTGGTTCGGCGTGGCGTCGAGCATACTCCGGTACACACTATGAAGTAGGCCATAGGGTCGACTTTGCTCGGATACCTATCCG
45_d500_162_1,138,badger,TAAGTATCTGCCTCCCATCTCACCGCGAGCTACAGCTCGGGTGGAACCACAATTTGACTGAATCAAAGTGTTATGGTAGACGGGCCGGAGTGGTTCGGCGTGGCGTCGAGCATACTCCGGTACACACTATGAAGTAGGCCATAGGGTCGACTTTGCTCGGATACCTATCCG
45_d500_99_716_1,151,badger,TAAGTATCTGCCTCCCATCTCACCGCGAGCTACAGCTCGGGTGGAACCACAATTTGACTGAATCAAAGTGTTATGGTAGACGGGCCGGAGTGGTTCGGCGTGGCGTCGAGCATACTCCGGTACACACTATGAAGTAGGCCATAGGGTCGACTTTGCTCGGATACCTATCCG
64420009_1,121,cattle,TAAGTATCTGCCTCCCATCTCACCGCGAGCTACAGCTCGGGTGGAACCACAATTTGACTGAATCAAAGTGTTATGGTAGACGGGCCGGAGTGGTTCGGCGTGGCGTCGAGCATACTCCGGTACACACTATGAAGTAGGCCATAGGGTCGACTTTGCTCGGATACCTATCCG
64420009_2,121,cattle,TAAGTATCTGCCTCCCATCTCACCGCGAGCTACAGCTCGGGTGGAACCACAATTTGACTGAATCAAAGTGTTATGGTAGACGGGCCGGAGTGGTTCGGCGTGGCGTCGAGCATACTCCGGTACACACTATGAAGTAGGCCATAGGGTCGACTTTGCTCGGATACCTATCCG
64420009_3,121,cattle,TAAGTATCTGCCTCCCATCTCACCGCGAGCTACAGCTCGGGTGGAACCACAATTTGACTGAATCAAAGTGTTATGGTAGACGGGCCGGAGTGGTTCGGCGTGGCGTCGAGCATACTCCGGTACACACTATGAAGTAGGCCATAGGGTCGACTTTGCTCGGATACCTATCCG
64359_0,139,boar,TAAGTATCTGCCTCCCATCTCACCGCGAGCTACAGCTCGGGTGGAACCACAATTTGACTGAATCAAAGTGTTATGGTAGACGGGCCGGAGTGGTTCGGCGTGGCGTCGAGCATACTCCGGTACACACTATGAAGTAGGCCATAGGGTCGACTTTGCTCGGATACCTATCCG
64281008_2,126,cattle,TAAGTATCTGCCTCCCATCTCACCGCGAGCTACAGCTCGGGTGGAACCACAATTCGACTGAATCAAAGTGTTATGGTAGACGGACCGGAGTGGTTCGGCGTGGCGTCGAGCATACTCCGGTACACACTATGAAGTAGGCCATAGGGTCGACTTTGCTCGGATACCTATCCG
64359045_0,137,cattle,TAAGTATCTGCCTCCCATCTCACCGCGAGCTACAGCTCGGGTGGAACCACAATTTGACTGAATCAAAGTGTTATGGTAGACGGGCCGGAGTGGTTCGGCGTGGCGTCGAGCATACTCCGGTACACACTATGAAGTAGGCCATAGGGTCGACTTTGCTCGGATACCTATCCG
64359005_1,136,cattle,TAAGTATCTGCCTCCCATCTCACCGCGAGCTACAGCTCGGGTGGAACCACAATTTGACTGAATCAAAGTGTTATGGTAGACGGGCCGGAGTGGTTCGGCGTGGCGTCGAGCATACTCCGGTACACACTATGAAGTAGGCCATAGGGTCGACTTTGCTCGGATACCTATCCG
64359045_1,137,cattle,TAAGTATCTGCCTCCCATCTCACCGCGAGCTACAGCTCGGGTGGAACCACAATTTGACTGAATCAAAGTGTTATGGTAGACGGGCCGGAGTGGTTCGGCGTGGCGTCGAGCATACTCCGGTACACACTATGAAGTAGGCCATAGGGTCGACTTTGCTCGGATACCTATCCG
64359005_2,136,cattle,TAAGTATCTGCCTCCCATCTCACCGCGAGCTACAGCTCGGGTGGAACCACAATTTGACTGAATCAAAGTGTTATGGTAGACGGGCCGGAGTGGTTCGGCGTGGCGTCGAGCATACTCCGGTACACACTATGAAGTAGGCCATAGGGTCGACTTTGCTCGGATACCTATCCG
64359_3,141,boar,TAAGTATCTGCCTCCCATCTCACCGCGAGCTACAGCTCGGGTGGAACCACAATTTGACTGAATCAAAGTGTTATGGTAGACGGGCCGGAGTGGTTCGGCGTGGCGTCGAGCATACTCCGGTACACACTATGAAGTAGGCCATAGGGTCGACTTTGCTCGGATACCTATCCG
64359045_2,136,cattle,TAAGTATCTGCCTCCCATCTCACCGCGAGCTACAGCTCGGGTGGAACCACAATTTGACTGAATCAAAGTGTTATGGTAGACGGGCCGGAGTGGTTCGGCGTGGCGTCGAGCATACTCCGGTACACACTATGAAGTAGGCCATAGGGTCGACTTTGCTCGGATACCTATCCG
64359_4,157,boar,TAAGTATCTGCCTCCCATCTCACCGCGAGCTACAGCTCGGGTGGAACCACAATTTGACTGAATCAAAGTGTTATGGTAGACGGGCCGGAGTGGTTCGGCGTGGCGTCGAGCATACTCCGGTACACACTATGAAGTAGGCCATAGGGTCGACTTTGCTCGGATACCTATCCG
64359_5,157,boar,TAAGTATCTGCCTCCCATCTCACCGCGAGCTACAGCTCGGGTGGAACCACAATTTGACTGAATCAAAGTGTTATGGTAGACGGGCCGGAGTGGTTCGGCGTGGCGTCGAGCATACTCCGGTACACACTATGAAGTAGGCCATAGGGTCGACTTTGCTCGGATACCTATCCG
64359045_3,137,cattle,TAAGTATCTGCCTCCCATCTCACCGCGAGCTACAGCTCGGGTGGAACCACAATTTGACTGAATCAAAGTGTTATGGTAGACGGGCCGGAGTGGTTCGGCGTGGCGTCGAGCATACTCCGGTACACACTATGAAGTAGGCCATAGGGTCGACTTTGCTCGGATACCTATCCG
64359_6,157,boar,TAAGTATCTGCCTCCCATCTCACCGCGAGCTACAGCTCGGGTGGAACCACAATTTGACTGAATCAAAGTGTTATGGTAGACGGGCCGGAGTGGTTCGGCGTGGCGTCGAGCATACTCCGGTACACACTATGAAGTAGGCCATAGGGTCGACTTTGCTCGGATACCTATCCG
45_d500_90_0,152,badger,TAAGTATCTGCCTCCCATCTCACCGCGAGCTACAGCTCGGGTGGAACCACAATTTGACTGAATCAAAGTGTTATGGTAGACGGGCCGGAGTGGTTCGGCGTGGCGTCGAGCATACTCCGGTACACACTATGAAGTAGGCCATAGGGTCGACTTTGCTCGGATACCTATCCG
64359_7,141,boar,TAAGTATCTGCCTCCCATCTCACCGCGAGCTACAGCTCGGGTGGAACCACAATTTGACTGAATCAAAGTGTTATGGTAGACGGGCCGGAGTGGTTCGGCGTGGCGTCGAGCATACTCCGGTACACACTATGAAGTAGGCCATAGGGTCGACTTTGCTCGGATACCTATCCG
45_d500_90_1,157,badger,TAAGTATCTGCCTCCCATCTCACCGCGAGCTACAGCTCGGGTGGAACCACAATTTGACTGAATCAAAGTGTTATGGTAGACGGGCCGGAGTGGTTCGGCGTGGCGTCGAGCATACTCCGGTACACACTATGAAGTAGGCCATAGGGTCGACTTTGCTCGGATACCTATCCG
64359056_0,145,cattle,TAAGTATCTGCCTCCCATCTCACCGCGAGCTACAGCTCGGGTGGAACCACAATTTGACTGAATCAAAGTGTTATGGTAGACGGGCCGGAGTGGTTCGGCGTGGCGTCGAGCATACTCCGGTACACACTATGAAGTAGGCCATAGGGTCGACTTTGCTCGGATACCTATCCG
64359061_0,145,cattle,TAAGTATCTGCCTCCCATCTCACCGCGAGCTACAGCTCGGGTGGAACCACAATTTGACTGAATCAAAGTGTTATGGTAGACGGGCCGGAGTGGTTCGGCGTGGCGTCGAGCATACTCCGGTACACACTATGAAGTAGGCCATAGGGTCGACTTTGCTCGGATACCTATCCG
64359061_1,149,cattle,TAAGTATCTGCCTCCCATCTCACCGCGAGCTACAGCTCGGGTGGAACCACAATTTGACTGAATCAAAGTGTTATGGTAGACGGGCCGGAGTGGTTCGGCGTGGCGTCGAGCATACTCCGGTACACACTATGAAGTAGGCCATAGGGTCGACTTTGCTCGGATACCTATCCG
64359211_0,146,cattle,TAAGTATCTGCCTCCCATCTCACCGCGAGCTACAGCTCGGGTGGAACCACAATTTGACTGAATCAAAGTGTTATGGTAGACGGGCCGGAGTGGTTCGGCGTGGCGTCGAGCATACTCCGGTACACACTATGAAGTAGGCCATAGGGTCGACTTTGCTCGGATACCTATCCG
64359_8,157,boar,TAAGTATCTGCCTCCCATCTCACTGCGAGCTACAGCTCGGGTGGAACCACAATTTGACTGAATCAAAGTGTTATGGTAGACGGGCCGGAGTGGTTCGGCGTGGCGTCGAGCATACTCCGGTACACACTATGAAGTAGGCCATAGGGTCGACTTTGCTCGGATACCTATCCG
64359_9,148,boar,TAAGTATCTGCCTCCCATCTCACCGCGAGCTACAGCTCGGGTGGAACCACAATTTGACTGAATCAAAGTGTTATGGTAGACGGGCCGGAGTGGTTCGGTGTGGCGTCGAGCATACTCCGGTACACACTATGAAGTAGGCCATAGGGTCGACTTTGCTCGGATACCTATCCG
64359056_1,145,cattle,TAAGTATCTGCCTCCCATCTCACCGCGAGCTACAGCTCGGGTGGAACCACAATTTGACTGAATCAAAGTGTTATGGTAGACGGGCCGGAGTGGTTCGGCGTGGCGTCGAGCATACTCCGGTACACACTATGAAGTAGGCCATAGGGTCGACTTTGCTCGGATACCTATCCG
64359149_0,152,cattle,TAAGTATCTGCCTCCCATCTCACCGCGAGCTACAGCTCGGGTGGAACCACAATTTGACTGAATCAAAGTGTTATGGTAGACGGGCCGGAGTGGTTCGGCGTGGCGTCGAGCATACTCCGGTACACACTATGAAGTAGGCCATAGGGTCGACTTTGCTCGGATACCTATCCG
64359_10,157,boar,TAAGTATCTGCCTCCCATCTCACCGCGAGCTACAGCTCGGGTGGAACCACAATTTGACTGAGTCAAAGTGTTATGGTAGACGGGCCGGAGTGGTTCGGCGTGGCGTCGAGCATACTCCGGTACACACTATGAAGTAGGCCATAGGGTCGACTTTGCTCGGATACCTATCCG
64359211_1,150,cattle,TAAGTATCTGCCTCCCATCTCACCGCGAGCTACAGCTCGGGTGGAACCACAATTTGACTGAATCAAAGTGTTATGGTAGACGGGCCGGAGTGGTTCGGCGTGGCGTCGAGCATACTCCGGTACACACTATGAAGTAGGCCATAGGGTCGACTTTGCTCGGATACCTATCCG
64359108_0,146,cattle,TAAGTATCTGCCTCCCATCTCACCGCGAGCTACAGCTCGGGTGGAACCACAATTTGACTGAATCAAAGTGTTATGGTAGACGGGCCGGAGTGGTTCGGCGTGGCGTCGAGCATACTCCGGTACACACTATGAAGTAGGCCATAGGGTCGACTTTGCTCGGATACCTATCCG
64359108_1,147,cattle,TAAGTATCTGCCTCCCATCTCACCGCGAGCTACAGCTCGGGTGGAACCACAATTTGACTGAATCAAAGTGTTATGGTAGACGGGCCGGAGTGGTTCGGCGTGGCGTCGAGCATACTCCGGTACACACTATGAAGTAGGCCATAGGGTCGACTTTGCTCGGATACCTATCCG
64359211_2,146,cattle,TAAGTATCTGCCTCCCATCTCACCGCGAGCTACAGCTCGGGTGGAACCACAATTTGACTGAATCAAAGTGTTATGGTAGACGGGCCGGAGTGGTTCGGCGTGGCGTCGAGCATACTCCGGTACACACTATGAAGTAGGCCATAGGGTCGACTTTGCTCGGATACCTATCCG
64359211_3,150,cattle,TAAGTATCTGCCTCCCATCTCACCGCGAGCTACAGCTCGGGTGGAACCACAATTTGACTGAATCAAAGTGTTATGGTAGACGGGCCGGAGTGGTTCGGCGTGGCGTCGAGCATACTCCGGTACACACTATGAAGTAGGCCATAGGGTCGACTTTGCTCGGATACCTATCCG
45_d500_86_0,157,badger,TAAGTATCTGCCTCCCATCTCACCGCGAGCTACAGCTCGGGTGGAACCACAATTTGACTGAATCAAAGTGTTATGGTAGACGGGCCGGAGTGGTTCGGCGTGGCGTCGAGCATACTCCGGTACACACTATGAAGTAGGCCATAGGGTCGACTTTGCTCGGATACCTATCCG
64359_12,148,boar,TAAGTATCTGCCTCCCATCTCACCGCGAGCTACAGCTCGGGTGGAACCACAATTTGACTGAATCAAAGTGTTATGGTAGACGGGCCGGAGTGGTTCGGCGTGGCGTCGAGCATACTCCGGTACACACTATGAAGTAGGCCATAGGGTCGACTTTGCTCGGATACCTATCCG
45_d500_37_586_0,157,badger,TAAGTATCTGCCTCCCATCTCACCGCGAGCTACAGCTCGGGTGGAACCACAATTTGACTGAATCAAAGTGTTATGGTAGACGGGCCGGAGTGGTTCGGCGTGGCGTCGAGCATACTCCGGTACACACTATGAAGTAGGCCATAGGGTCGACTTTGCTCGGATACCTATCCG
45_d500_37_586_1,146,badger,TAAGTATCTGCCTCCCATCTCACCGCGAGCTACAGCTCGGGTGGAACCACAATTTGACTGAATCAAAGTGTTATGGTAGACGGGCCGGAGTGGTTCGGCGTGGCGTCGAGCATACTCCGGTACACACTATGAAGTAGGCCATAGGGTCGACTTTGCTCGGATACCTATCCG
64359_11,157,boar,TAAGTATCTGCCTCCCATCTCACCGCGAGCTACAGCTCGGGTGGAACCACAATTTGACTGAATCAAAGTGTTATGGTAGACGGGCCGGAGTGGTTCGGCGTGGCGTCGAGCATACTCCGGTACACACTATGAAGTAGGCCATAGGGTCGACTTTGCTCGGATACCTATCCG
64416_2,146,boar,TAAGTATCTGCCTCCCATCTCACCGCGAGCTACAGCTCGGGTGGAACCACAATTCGACTGAATCAAAGTGTTATGGTAGACGGACCGGAGTGGTTCGGCGTGGCGTCGAGCATACTCCGGTACACACTATGAAGTAGGCCATAGGGTCGACTTTGCTCGGATACCTATCCG
64359_14,145,boar,TAAGTATCTGCCTCCCATCTCACCGCGAGCTACAGCTCGGGTGGAACCACAATTTGACTGAATCAAAGTGTTATGGTAGACGGGCCGGAGTGGTTCGGCGTGGCGTCGAGCATACTCCGGTACACACTATGAAGTAGGCCATAGGGTCGACTTTGCTCGGATACCTATCCG
64359061_2,152,cattle,TAAGTATCTGCCTCCCATCTCACCGCGAGCTACAGCTCGGGTGGAACCACAATTTGACTGAATCAAAGTGTTATGGTAGACGGGCCGGAGTGGTTCGGCGTGGCGTCGAGCATACTCCGGTACACACCATGAAGTAGGCCATAGGGTCGACTTTGCTCGGATACCTATCCG
64359061_3,145,cattle,TAAGTATCTGCCTCCCATCTCACCGCGAGCTACAGCTCGGGTGGAACCACAATTTGACTGAATCAAAGTGTTATGGTAGACGGGCCGGAGTGGTTCGGCGTGGCGTCGAGCATACTCCGGTACACACTATGAAGTAGGCCATAGGGTCGACTTTGCTCGGATACCTATCCG
64359108_2,147,cattle,TAAGTATCTGCCTCCCATCTCACCGCGAGCTACAGCTCGGGTGGAACCACAATTTGACTGAATCAAAGTGTTATGGTAGACGGGCCGGAGTGGTTCGGCGTGGCGTCGAGCATACTCCGGTACACACTATGAAGTAGGCCATAGGGTCGACTTTGCTCGGATACCTATCCG
64359_13,157,boar,TAAGTATCTGCCTCCCATCTCACCGCGAGCTACAGCTCGGGTGGAACCACAATTTGACTGAATCAAAGTGTTATGGTAGACGGGCCGGAGTGGTTCGGCGTGGCGTCGAGCATACTCCGGTACACACTATGAAGTAGGCCATAGGGTCGACTTTGCTCGGATACCTATCCG
64359_15,157,boar,TAAGTATCTGCCTCCCATCTCACCGCGAGCTACAGCTCGGGTGGAACCACAATTTGACTGAATCAAAGTGTTATGGTAGACGGGCCGGAGTGGTTCGGCGTGGCGTCGAGCATACTCCGGTACACACTATGAAGTAGGCCATAGGGTCGACTTTGCTCGGATACCTATCCG
64359061_4,145,cattle,TAAGTATCTGCCTCCCATCTCACCGCGAGCTACAGCTCGGGTGGAACCACAATTTGACTGAATCAAAGTGTTATGGTAGACGGGCCGGAGTGGTTCGGCGTGGCGTCGAGCATACTCCGGTACACACTATGAAGTAGGCCATAGGGTCGACTTTGCTCGGATACCTATCCG
64359149_1,148,cattle,TAAGTATCTGCCTCCCATCTCACCGCGAGCTACAGCTCGGGTGGAACCACAATTTGACTGAATCAAAGTGTTATGGTAGACGGGCCGGAGTGGTTCGGCGTGGCGTCGAGCATACTCCGGTACACACTATGAAGTAGGCCATAGGGTCGACTTTGCTCGGATACCTATCCG
64359149_2,146,cattle,TAAGTATCTGCCTCCCATCTCACCGCGAGCTACAGCTCGGGTGGAACCACAATTTGACTGAATCAAAGTGTTATGGTAGACGGGCCGGAGTGGTTCGGCGTGGCGTCGAGCATACTCCGGTACACACTATGAAGTAGGCCATAGGGTCGACTTTGCTCGGATACCTATCCG
64359211_4,150,cattle,TAAGTATCTGCCTCCCATCTCACCGCGAGCTACAGCTCGGGTGGAACCACAATTTGACTGAATCAAAGTGTTATGGTAGACGGGCCGGAGTGGTTCGGCGTGGCGTCGAGCATACTCCGGTACACACTATGAAGTAGGCCATAGGGTCGACTTTGCTCGGATACCTATCCG
64359211_5,150,cattle,TAAGTATCTGCCTCCCATCTCACCGCGAGCTACAGCTCGGGTGGAACCACAATTTGACTGAATCAAAGTGTTATGGTAGACGGGCCGGAGTGGTTCGGCGTGGCGTCGAGCATACTCCGGTACACACTATGAAGTAGGCCATAGGGTCGACTTTGCTCGGATACCTATCCG
64359061_6,147,cattle,TAAGTATCTGCCTCCCATCTCACCGCGAGCTACAGCTCGGGTGGAACCACAATTTGACTGAATCAAAGTGTTATGGTAGACGGGCCGGAGTGGTTCGGCGTGGCGTCGAGCATACTCCGGTACACACTATGAAGTAGGCCATAGGGTCGACTTTGCTCGGATACCTATCCG
64359061_7,157,cattle,TAAGTATCTGCCTCCCATCTCACCGCGAGCTACAGCTCGGGTGGAACCACAATTTGACTGAATCAAAGTGTTATGGTAGACGGGCCGGAGTGGTTCGGCGTGGCGTCGAGCATACTCCGGTACACACTATGAAGTAGGCCATAGGGTCGACTTTGCTCGGATACCTATCCG
64359061_5,149,cattle,TAAGTATCTGCCTCCCATCTCACCGCGAGCTACAGCTCGGGTGGAACCACAATTTGACTGAATCAAAGTGTTATGGTAGACGGGCCGGAGTGGTTCGGCGTGGCGTCGAGCATACTCCGGTACACACTATGAAGTAGGCCATAGGGTCGACTTTGCTCGGATACCTATCCG
64359211_6,146,cattle,TAAGTATCTGCCTCCCATCTCACCGCGAGCTACAGCTCGGGTGGAACCACAATTTGACTGAATCAAAGTGTTATGGTAGACGGGCCGGAGTGGTTCGGCGTGGCGTCGAGCATACTCCGGTACACACTATGAAGTAGGCCATAGGGTCGACTTTGCTCGGATACCTATCCG
64359211_7,146,cattle,TAAGTATCTGCCTCCCATCTCACCGCGAGCTACAGCTCGGGTGGAACCACAATTTGACTGAATCAAAGTGTTATGGTAGACGGGCCGGAGTGGTTCGGCGTGGCGTCGAGCATACTCCGGTACACACTATGAAGTAGGCCATAGGGTCGACTTTGCTCGGATACCTATCCG
45_d500_75_665_0,157,badger,TAAGTATCTGCCTCCCATCTCACCGCGAGCTACAGCTCGGGTGGAACCACAATTTGACTGAATCAAAGTGTTATGGTAGACGGGCCGGAGTGGTTCGGCGTGGCGTCGAGCATACTCCGGTACACACTATGAAGTAGGCCATAGGGTCGACTTTGCTCGGATACCTATCCG
45_d500_37_600_0,151,badger,TAAGTATCTGCCTCCCATCTCACCGCGAGCTACAGCTCGGGTGGAACCACAATTTGACTGAATCAAAGTGTTATGGTAGACGGGCCGGAGTGGTTCGGCGTGGCGTCGAGCATACTCCGGTACACACTATGAAGTAGGCCATAGGGTCGACTTTGCTCGGATACCTATCCG
64359149_3,148,cattle,TAAGTATCTGCCTCCCATCTCACCGCGAGCTACAGCTCGGGTGGAACCACAATTTGACTGAATCAAAGTGTTATGGTAGACGGGCTGGAGTGGTTCGGCGTGGCGTCGAGCATACTCCGGTACACACTATGAAGTAGGCCATAGGGTCGACTTTGCTCGGATACCTATCCG
64359211_10,157,cattle,TAAGTATCTGCCTCCCATCTCACCGCGAGCTACAGCTCGGGTGGAACCACAATTTGACTGAATCAAAGTGTTATGGTAGACGGGCCGGAGTGGTTCGGCGTGGCGTCGAGCATACTCCGGTACACACTATGAAGTAGGCCATAGGGTCGACTTTGCTCGGATACCTATCCG
64359211_11,150,cattle,TAAGTATCTGCCTCCCATCTCACCGCGAGCTACAGCTCGGGTGGAACCACAATTTGACTGAATCAAAGTGTTATGGTAGACGGGCCGGAGTGGTTCGGCGTGGCGTCGAGCATACTCCGGTACACACTATGAAGTAGGCCATAGGGTCGACTTTGCTCGGATACCTATCCG
64359211_8,150,cattle,TAAGTATCTGCCTCCCATCTCACCGCGAGCTACAGCTCGGGTGGAACCACAATTTGACTGAATCAAAGTGTTATGGTAGACGGGCCGGAGTGGTTCGGCGTGGCGTCGAGCATACTCCGGTACACACTATGAAGTAGGCCATAGGGTCGACTTTGCTCGGATACCTATCCG
64359211_9,153,cattle,TAAGTATCTGCCTCCCATCTCACCGCGAGCTACAGCTCGGGTGGAACCACAATTTGACTGAATCAAAGTGTTATGGTAGACGGGCCGGAGTGGTTCGGCGTGGCGTCGAGCATACTCCGGTACACACTATGAAGTAGGCCATAGGGTCGACTTTGCTCGGATACCTATCCG
64359211_12,150,cattle,TAAGTATCTGCCTCCCATCTCACCGCGAGCTACAGCTCGGGTGGAACCACAATTTGACTGAATCAAAGTGTTATGGTAGACGGGCCGGAGTGGTTCGGCGTGGCGTCGAGCATACTCCGGTACACACTATGAAGTAGGCCATAGGGTCGACTTTGCTCGGATACCTATCCG
64359005_3,157,cattle,TAAGTATCTGCCTCCCATCTCACCGCGAGCTACAGCTCGGGTGGAACCACAATTTGACTGAGTCAAAGTGTTATGGTAGACGGGCCGGAGTGGTTCGGCGTGGCGTCGAGCATACTCCGGTACACACTATGAAGTAGGCCATAGGGTCGACTTTGCTCGGATACCTATCCG
64359142_0,157,cattle,TAAGTATCTGCCTCCCATCTCACCGCGAGCTACAGCTCGGGTGGAACCACAATTTGACTGAGTCAAAGTGTTATGGTAGACGGGCCGGAGTGGTTCGGCGTGGCGTCGAGCATACTCCGGTACACACTATGAAGTAGGCCATAGGGTCGACTTTGCTCGGATACCTATCCG
64359142_1,157,cattle,TAAGTATCTGCCTCCCATCTCACCGCGAGCTACAGCTCGGGTGGAACCACAATTTGACTGAATCAAAGTGTTATGGTAGACGGGCCGGAGTGGTTCGGCGTGGCGTCGAGCATACTCCGGTACACACTATGAAGTAGGCCATAGGGTCGACTTTGCTCGGATACCTATCCG
64359045_4,157,cattle,TAAGTATCTGCCTCCCATCTCACCGCGAGCTACAGCTCGGGTGGAACCACAATTTGACTGAATCAAAGTGTTATGGTAGACGGGCCGGAGTGGTTCGGCGTGGCGTCGAGCATACTCCGGTACACACTATGAAGTAGGCCATAGGGTCGACTTTGCTCGGATACCTATCCG
64359196_0,157,cattle,TAAGTATCTGCCTCCCATCTCACCGCGAGCTACAGCTCGGGTGGAACCACAATTTGACTGAATCAAAGTGTTATGGTAGACGGGCCGGAGTGGTTCGGCGTGGCGTCGAGCATACTCCGGTACACACTATGAAGTAGGCCATAGGGTCGACTTTGCTCGGATACCTATCCG
45_d500_95_695_0,157,badger,TAAGTATCTGCCTCCCATCTCACCGCGAGCTACAGCTCGGGTGGAACCACAATTTGACTGAATCAAAGTGTTATGGTAGACGGGCCGGAGTGGTTCGGCGTGGCGTCGAGCATACTCCGGTACACACTATGAAGTAGGCCATAGGGTCGACTTTGCTCGGATACCTATCCG
64359061_8,149,cattle,TAAGTATCTGCCTCCCATCTCACCGCGAGCTACAGCTCGGGTGGAACCACAATTTGACTGAATCAAAGTGTTATGGTAGACGGGCCGGAGTGGTTCGGCGTGGCGTCGAGCATACTCCGGTACACACTATGAAGTAGGCCATAGGGTCGACTTTGCTCGGATACCTATCCG
45_d500_37_586_2,149,badger,TAAGTATCTGCCTCCCATCTCACCGCGAGCTACAGCTCGGGTGGAACCACAATTTGACTGAATCAAAGTGTTATGGTAGACGGGCCGGAGTGGTTCGGCGTGGCGTCGAGCATACTCCGGTACACACTATGAAGTAGGCCATAGGGTCGACTTTGCTCGGATACCTATCCG
64359211_13,150,cattle,TAAGTATCTGCCTCCCATCTCACCGCGAGCTACAGCTCGGGTGGAACCACAATTTGACTGAATCAAAGTGTTATGGTAGACGGGCCGGAGTGGTTCGGCGTGGCGTCGAGCATACTCCGGTACACACTATGAAGTAGGCCATAGGGTCGACTTTGCTCGGATACCTATCCG
64359103_0,157,cattle,TAAGTATCTGCCTCCCATCTCACCGCGAGCTACAGCTCGGGTGGAACCACAATTTGACTGAATCAAAGTGTTATGGTAGACGGGCCGGAGTGGTTCGGCGTGGCGTCGAGCATACTCCGGTACACACTATGAAGTAGGCCATAGGGTCGACTTTGCTCGGATACCTATCCG
64359200_0,157,cattle,TAAGTATCTGCCTCCCATCTCACCGCGAGCTACAGCTCGGGTGGAACCACAATTTGACTGAATCAAAGTGTTATGGTAGACGGGCCGGAGTGGTTCGGCGTGGCGTCGAGCATACTCCGGTACACACTATGAAGTAGGCCATAGGGTCGACTTTGCTCGGATACCTATCCG
45_d500_104_0,157,badger,TAAGTATCTGCCTCCCATCTCACCGCGAGCTACAGCTCGGGTGGAACCACAATTTGACTGAATCAAAGTGTTATGGTAGACGGGCCGGAGTGGTTCGGCGTGGCGTCGAGCATACTCCGGTACACACTATGAAGTAGGCCATAGGGTCGACTTTGCTCGGATACCTATCCG
64359142_2,157,cattle,TAAGTATCTGCCTCCCATCTCACCGCGAGCTACAGCTCGGGTGGAACCACAATTTGACTGAATCAAAGTGTTATGGTAGACGGGCCGGAGTGGTTCGGCGTGGCGTCGAGCATACTCCGGTACACACTATGAAGTAGGCCATAGGGTCGACTTTGCTCGGATACCTATCCG
64359211_14,150,cattle,TAAGTATCTGCCTCCCATCTCACCGCGAGCTACAGCTCGGGTGGAACCACAATTTGACTGAATCAAAGTGTTATGGTAGACGGGCCGGAGTGGTTCGGCGTGGCGTCGAGCATACTCCGGTACACACTATGAAGTAGGCCATAGGGTCGACTTTGCTCGGATACCTATCCG
64359211_15,150,cattle,TAAGTATCTGCCTCCCATCTCACCGCGAGCTACAGCTCGGGTGGAACCACAATTTGACTGAATCAAAGTGTTATGGTAGACGGGCCGGAGTGGTTCGGCGTGGCGTCGAGCATACTCCGGTACACACTATGAAGTAGGCCATAGGGTCGACTTTGCTCGGATACCTATCCG
64359211_16,150,cattle,TAAGTATCTGCCTCCCATCTCACCGCGAGCTACAGCTCGGGTGGAACCACAATTTGACTGAATCAAAGTGTTATGGTAGACGGGCCGGAGTGGTTCGGCGTGGCGTCGAGCATACTCCGGTACACACTATGAAGTAGGCCATAGGGTCGACTTTGCTCGGATACCTATCCG
64359_16,157,boar,TAAGTATCTGCCTCCCATCTCACCGCGAGCTACAGCTCGGGTGGAACCACAATTTGACTGAATCAAAGTGTTATGGTAGACGGGCCGGAGTGGTTCGGCGTGGCGTCGAGCATACTCCGGTACACACTATGAAGTAGGCCATAGGGTCGACTTTGCTCGGATACCTATCCG
64359061_9,155,cattle,TAAGTATCTGCCTCCCATCTCACCGCGAGCTACAGCTCGGGTGGAACCACAATTTGACTGAATCAAAGTGTTATGGTAGACGGGCCGGAGTGGTTCGGCGTGGCGTCGAGCATACTCCGGTACACACTATGAAGTAGGCCATAGGGTCGACTTTGCTCGGATACCTATCCG
64359008_0,157,cattle,TAAGTATCTGCCTCCCATCTCACTGCGAGCTACAGCTCGGGTGGAACCACAATTTGACTGAATCAAAGTGTTATGGTAGACGGGCCGGAGTGGTTCGGCGTGGCGTCGAGCATACTCCGGTACACACTATGAAGTAGGCCATAGGGTCGACTTTGCTCGGATACCTATCCG
45_d500_38_557_0,157,badger,TAAGTATCTGCCTCCCATCTCACCGCGAGCTACAGCTCGGGTGGAACCACAATTTGACTGAGTCAAAGTGTTATGGTAGACGGGCCGGAGTGGTTCGGCGTGGCGTCGAGCATACTCCGGTACACACTATGAAGTAGGCCATAGGGTCGACTTTGCTCGGATACCTATCCG
45_d500_40_0,157,badger,TAAGTATCTGCCTCCCATCTCACCGCGAGCTACAGCTCGGGTGGAACCACAATTTGACTGAGACAAAGTGTTATGGTAGACGGGCCGGAGTGGTTCGGCGTGGCGTCGAGCATACTCCGGTACACACTATGAAGTAGGCCATAGGGTCGACTTTGCTCGGATACCTATCCG
64359_17,154,boar,TAAGTATCTGCCTCCCATCTCACCGCGAGCTACAGCTCGGGTGGAACCACAATTTGACTGAATCAAAGTGTTATGGTAGACGGGCCGGAGTGGTTCGGCGTGGCGTCGAGCATACTCCGGTACACACTATGAAGTAGGCCATAGGGTCGACTTTGCTCGGATACCTATCCG
64359211_19,150,cattle,TAAGTATCTGCCTCCCATCTCACCGCGAGCTACAGCTCGGGTGGAACCACAATTTGACTGAATCAAAGTGTTATGGTAGACGGGCCGGAGTGGTTCGGCGTGGCGTCGAGCATACTCCGGTACACACTATGAAGTAGGCCATAGGGTCGACTTTGCTCGGATACCTATCCG
64359211_17,157,cattle,TAAGTATCTGCCTCCCATCTCACCGCGAGCTACAGCTCGGGTGGAACCACAATTTGACTGAATCAAAGTGTTATGGTAGACGGGCCGGAGTGGTTCGGCGTGGCGTCGAGCATACTCCGGTACACACTATGAAGTAGGCCATAGGGTCGACTTTGCTCGGATACCTATCCG
64359211_18,157,cattle,TAAGTATCTGCCTCCCATCTCACCGCGAGCTACAGCTCGGGTGGAACCACAATTTGACTGAATCAAAGTGTTATGGTAGACGGGCCGGAGTGGTTCGGCGTGGCGTCGAGCATACTCCGGTACACACTATGAAGTAGGCCATAGGGTCGACTTTGCTCGGATACCTATCCG
64359187_0,157,cattle,TAAGTATCTGCCTCCCATCTCACCGCGAGCTACAGCTCGGGTGGAACCACAATTTGACTGAGTCAAAGTGTTATGGTAGACGGGCCGGAGTGGTTCGGCGTGGCGTCGAGCATACTCCGGTACACACTATGAAGTAGGCCATAGGGTCGACTTTGCTCGGATACCTATCCG
64359005_4,157,cattle,TAAGTATCTGCCTCCCATCTCACCGCGAGCTACAGCTCGGGTGGAACCACAATTTGACTGAATCAAAGTGTTATGGTAGACGGGCCGGAGTGGTTCGGCGTGGCGTCGAGCATACTCCGGTACACACTATGAAGTAGGCCATAGGGTCGACTTTGCTCGGATACCTATCCG
64359061_10,157,cattle,TAAGTATCTGCCTCCCATCTCACCGCGAGCTACAGCTCGGGTGGAACCACAATTTGACTGAATCAAAGTGTTATGGTAGACGGGCCGGAGTGGTTCGGCGTGGCGTCGAGCATACTCCGGTACACACTATGAAGTAGGCCATAGGGTCGACTTTGCTCGGATACCTATCCG
45_d500_63_0,157,badger,TAAGTATCTGCCTCCCATCTCACCGCGAGCTACAGCTCGGGTGGAACCACAATTTGACTGAATCAAAGTGTTATGGTAGACGGGCCGGAGTGGTTCGGCGTGGCGTCGAGCATACTCCGGTACACACTATGAAGTAGGCCATAGGGTCGACTTTGCTCGGATACCTATCCG
45_d500_57_715_0,157,badger,TAAGTATCTGCCTCCCATCTCACCGCGAGCTACAGCTCGGGTGGAACCACAATTTGACTGAATCAAAGTGTTATGGTAGACGGGCCGGAGTGGTTCGGCGTGGCGTCGAGCATACTCCGGTACACACTATGAAGTAGGCCATAGGGTCGACTTTGCTCGGATACCTATCCG
64556051_0,157,cattle,TAAGTATCTGCCTCCCATCTCACCGCGAGCTACAGCTCGGGTGGAACCACAATTTGACTGAATCAAAGTGTTATGGTAGACGGGCCGGAGTGGTTCGGTGTGGCGTCGAGCATCCTCCGGTACACACTATGAAGTAGGCCATAGGGTCGACTTTGCTCGGATACCTATCCG
45_d500_171_2,157,badger,TAAGTTTCTGCCTCCCATCTCACCGCGAGCTACAGCTCGGGTGGAACCACAATTCGACTGAATCAAAGTGTTATGGTAGACGGGCCGGAGTGGTTCGGCGTGGCGTCGAGCATACTCCGGTACACACTATGAAGTAGGCCATAGGGTCGACTTTGCTCGGATACCTATCCG
64359142_3,157,cattle,TAAGTATCTGCCTCCCATCTCACCGCGAGCTACAGCTCGGGTGGAACCACAATTTGACTGAGTCAAAGTGTTATGGTAGACGGGCCGGAGTGGTTCGGCGTGGCGTCGAGCATACTCCGGTACACACTATGAAGTAGGCCATAGGGTCGACTTTGCTCGGATACCTATCCG
64359050_0,155,cattle,TAAGTATCTGCCTCCCATCTCACCGCGAGCTACAGCTCGGGTGGAACCACAATTTGACTGAATCAAAGTGTTATGGTAGACGGGCCGGAGTGGTTCGGCGTGGCGTCGAGCATACTCCGGTACACACTATGAAGTAGGCCATAGGGTCGACTTTGCTCGGATACCTATCCG
64359173_0,157,cattle,TAAGTATCTGCCTCCCATCTCACCGCGAGCTACAGCTCGGGTGGAACCACAATTTGACTGAGTCAAAGTGTTATGGTAGACGGGCCGGAGTGGTTCGGCGTGGCGTCGAGCATACTCCGGTACACACTATGAAGTAGGCCATAGGGTCGACTTTGCTCGGATACCTATCCG
64359_19,157,boar,TAAGTATCTGCCTCCCATCTCACCGCGAGCTACAGCTCGGGTGGAACCACAATTTGACTGAGTCAAAGTGTTATGGTAGACGGGCCGGAGTGGTTCGGCGTGGCGTCGAGCATACTCCGGTACACACTATGAAGTAGGCCATAGGGTCGACTTTGCTCGGATACCTATCCG
64359_18,157,boar,TAAGTATCTGCCTCCCATCTCACCGCGAGCTACAGCTCGGGTGGAACCACAATTTGACTGAGTCAAAGTGTTATGGTAGACGGGCCGGAGTGGTTCGGCGTGGCGTCGAGCATACTCCGGTACACACTATGAAGTAGGCCATAGGGTCGACTTTGCTCGGATACCTATCCG
45_d500_37_586_3,157,badger,TAAGTATCTGCCTCCCATCTCACCGCGAGCTACAGCTCGGGTGGAACCACAATTTGACTGAATCAAAGTGTTATGGTAGACGGGCCGGAGTGGTTCGGCGTGGCGTCGAGCATACTCCGGTACACACTATGAAGTAGGCCATAGGGTCGACTTTGCTCGGATACCTATCCG
45_d500_86_1,157,badger,TAAGTATCTGCCTCCCATCTCACCGCGAGCTACAGCTCGGGTGGAACCACAATTTGACTGAATCAAAGTGTTATGGTAGACGGGCCGGAGTGGTTCGGCGTGGCGTCGAGCATACTCCGGTACACACTATGAAGTAGGCCATAGGGTCGACTTTGCTCGGATACCTATCCG
64359211_20,157,cattle,TAAGTATCTGCCTCCCATCTCACCGCGAGCTACAGCTCGGGTGGAACCACAATTTGACTGAATCAAAGTGTTATGGTAGACGGGCCGGAGTGGTTCGGCGTGGCGTCGAGCATACTCCGGTACACACTATGAAGTAGGCCATAGGGTCGACTTTGCTCGGATACCTATCCG
64359211_21,153,cattle,TAAGTATCTGCCTCCCATCTCACCGCGAGCTACAGCTCGGGTGGAACCACAATTTGACTGAATCAAAGTGTTATGGTAGACGGGCCGGAGTGGTTCGGCGTGGCGTCGAGCATACTCCGGTACACACTATGAAGTAGGCCATAGGGTCGACTTTGCTCGGATACCTATCCG
64359148_0,157,cattle,TAAGTATCTGCCTCCCATCTCACCGCGAGCTACAGCTCGGGTGGAACCACAATTTGACTGAATCAAAGTGTTATGGTAGACGGGCCGGAGTGGTTCGGCGTGGCGTCGAGCATACTCCGGTACACACTATGAAGTAGGCCATAGGGTCGACTTTGCTCGGATACCTATCCG
64359103_1,157,cattle,TAAGTATCTGCCTCCCATCTCACCGCGAGCTACAGCTCGGGTGGAACCACAATTTGACTGAATCAAAGTGTTATGGTAGACGGGCCGGAGTGGTTCGGCGTGGCGTCGAGCATACTCCGGTACACACTATGAAGTAGGCCATAGGGTCGACTTTGCTCGGATACCTATCCG
64359149_4,155,cattle,TAAGTATCTGCCTCCCATCTCACTGCGAGCTACAGCTCGGGTGGAACCACAATTTGACTGAATCAAAGTGTTATGGTAGACGGGCCGGAGTGGTTCGGCGTGGCGTCGAGCATACTCCGGTACACACTATGAAGTAGGCCATAGGGTCGACTTTGCTCGGATACCTATCCG
45_d500_86_2,157,badger,TAAGTATCTGCCTCCCATCTCACTGCGAGCTACAGCTCGGGTGGAACCACAATTTGACTGAATCAAAGTGTTATGGTAGACGGGCCGGAGTGGTTCGGCGTGGCGTCGAGCATACTCCGGTACACACTATGAAGTAGGCCATAGGGTCGACTTTGCTCGGATACCTATCCG
64359008_1,157,cattle,TAAGTATCTGCCTCCCATCTCACCGCGAGCTACAGCTCGGGTGGAACCACAATTTGACTGAATCAAAGTGTTATGGTAGACGGGCCGGAGTGGTTCGGCGTGGCGTCGAGCATACTCCGGTACACACCATGAAGTAGGCCATAGGGTCGACTTTGCTCGGATACCTATCCG
64359_21,157,boar,TAAGTATCTGCCTCCCATCTCACCGCGAGCTACAGCTCGGGTGGAACCACAATTTGACTGAATCAAAGTGTTATGGTAGACGGGCCGGAGTGGTTCGGCGTGGCGTCGAGCATACTCCGGTACACACTATGAAGTAGGCCATAGGGTCGACTTTGCTCGGATACCTATCCG
64359_20,157,boar,TAAGTATCTGCCTCCCATCTCACCGCGAGCTACAGCTCGGGTGGAACCACAATTTGACTGAGTCAAAGTGTTATGGTAGACGGGCCGGAGTGGTTCGGCGTGGCGTCGAGCATACTCCGGTACACACTATGAAGTAGGCCATAGGGTCGACTTTGCTCGGATACCTATCCG
64359144_0,157,cattle,TAAGTATCTGCCTCCCATCTCACCGCGAGCTACAGCTCGGGTGGAACCACAATTTGACTGAATCAAAGTGTTATGGTAGACGGGCCGGAGTGGTTCGGCGTGGCGTCGAGCATACTCCGGTACACACTATGAAGTAGGCCATAGGGTCGACTTTGCTCGGATACCTATCCG
64359211_22,153,cattle,TAAGTATCTGCCTCCCATCTCACCGCGAGCTACAGCTCGGGTGGAACCACAATTTGACTGAATCAAAGTGTTATGGTAGACGGGCCGGAGTGGTTCGGCGTGGCGTCGAGCATACTCCGGTACACACTATGAAGTAGGCCATAGGGTCGACTTTGCTCGGATACCTATCCG
64359050_1,157,cattle,TAAGTATCTGCCTCCCATCTCACCGCGAGCTACAGCTCGGGTGGAACCACAATTTGACTGAGTCAAAGTGTTATGGTAGACGGGCCGGAGTGGTTCGGCGTGGCGTCGAGCATACTCCGGTACACACTATGAAGTAGGCCATAGGGTCGACTTTGCTCGGATACCTATCCG
64359061_11,155,cattle,TAAGTATCTGCCTCCCATCTCACCGCGAGCTACAGCTCGGGTGGAACCACAATTTGACTGAGTCAAAGTGTTATGGTAGACGGGCCGGAGTGGTTCGGCGTGGCGTCGAGCATACTCCGGTACACACTATGAAGTAGGCCATAGGGTCGACTTTGCTCGGATACCTATCCG
64359103_2,157,cattle,TAAGTATCTGCCTCCCATCTCACCGCGAGCTACAGCTCGGGTGGAACCACAATTTGACTGAATCAAAGTGTTATGGTAGACGGGCCGGAGTGGTTCGGCGTGGCGTCGAGCATACTCCGGTACACACTATGAAGTAGGCCATAGGGTCGACTTTGCTCGGATACCTATCCG
64359148_1,157,cattle,TAAGTATCTGCCTCCCATCTCACCGCGAGCTACAGCTCGGGTGGAACCACAATTTGACTGAATCAAAGTGTTATGGTAGACGGGCCGGAGTGGTTCGGCGTGGCGTCGAGCATACTCCGGTACACACTATGAAGTAGGCCATAGGGTCGACTTTGCTCGGATACCTATCCG
64359061_12,157,cattle,TAAGTATCTGCCTCCCATCTCACCGCGAGCTACAGCTCGGGTGGAACCACAATTTGACTGAATCAAAGTGTTATGGTAGACGGGCCGGAGTGGTTCGGCGTGGCGTCGAGCATACTCCGGTACACACTATGAAGTAGGCCATAGGGCCGACTTTGCTCGGATACCTATCCG
64359045_5,157,cattle,TAAGTATCTGCCTCCCATCTCACCGCGAGCTACAGCTCGGGTGGAACCACAATTTGACTGAGTCAAAGTGTTATGGTAGACGGGCCGGAGTGGTTCGGCGTGGCGTCGAGCATACTCCGGTACACACTATGAAGTAGGCCATAGGGTCGACTTTGCTCGGATACCTATCCG
64359189_0,157,cattle,TAAGTATCTGCCTCCCATCTCACCGCGAGCTACAGCTCGGGTGGAACCACAATTTGACTGAGTCAAAGTGTTATGGTAGACGGGCCGGAGTGGTTCGGCGTGGCGTCGAGCATACTCCGGTACACACTATGAAGTAGGCCATAGGGTCGACTTTGCTCGGATACCTATCCG
64359211_23,157,cattle,TAAGTATCTGCCTCCCATCTCACCGCGAGCTACAGCTCGGGTGGAACCACAATTTGACTGAATCAAAGTGTTATGGTAGACGGGCCGGAGTGGTTCGGCGTGGCGTCGAGCATACTCCGGTACACACTATGAAGTAGGCCATAGGGTCGACTTTGCTCGGATACCTATCCG
64556_2,157,boar,TAAGTATCTGCCTCCCATCTCACCGCGAGCTACAGCTCGGGTGGAACCACAATTTGACTGAATCAAAGTGTTATGGTAGACGGGCCGGAGTGGTTCGGTGTGGCGTCGAGCATCCTCCGGTACACACTATGAAGTAGGCCATAGGGTCGACTTTGCTCGGATACCTATCCG
64359005_5,157,cattle,TAAGTATCTGCCTCCCATCTCACCGCGAGCTACAGCTCGGGTGGAACCACAATTTGACTGAGTCAAAGTGTTATGGTAGACGGGCCGGAGTGGTTCGGCGTGGCGTCGAGCATACTCCGGTACACACTATGAAGTAGGCCATAGGGTCGACTTTGCTCGGATACCTATCCG
64359061_13,157,cattle,TAAGTATCTGCCTCCCATCTCACCGCGAGCTACAGCTCGGGTGGAACCACAATTTGACTGAATCAAAGTGTTATGGTAGACGGGCCGGAGTGGTTCGGCGTGGCGTCGAGCATACTCCGGTACACACTATGAAGTAGGCCATAGGGTCGACTTTGCTCGGATACCTATCCG
64359103_3,157,cattle,TAAGTATCTGCCTCCCATCTCACCGCGAGCTACAGCTCGGGTGGAACCACAATTTGACTGAATCAAAGTGTTATGGTAGACGGGCCGGAGTGGTTCGGCGTGGCGTCGAGCATACTCCGGTACACACTATGAAGTAGGCCATAGGGTCGACTTTGCTCGGATACCTATCCG
64359103_4,157,cattle,TAAGTATCTGCCTCCCATCTCACCGCGAGCTACAGCTCGGGTGGAACCACAATTTGACTGAATCAAAGTGTTATGGTAGACGGGCCGGAGTGGTTCGGCGTGGCGTCGAGCATACTCCGGTACACACTATGAAGTAGGCCATAGGGTCGACTTTGCTCGGATACCTATCCG
64359211_24,157,cattle,TAAGTATCTGCCTCCCATCTCACCGCGAGCTACAGCTCGGGTGGAACCACAATTTGACTGAATCAAAGTGTTATGGTAGACGGGCCGGAGTGGTTCGGCGTGGCGTCGAGCATACTCCGGTACACACTATGAAGTAGGCCATAGGGTCGACTTTGCTCGGATACCTATCCG
64359_22,157,boar,TAAGTATCTGCCTCCCATCTCACCGCGAGCTACAGCTCGGGTGGAACCACAATTTGACTGAATCAAAGTGTTATGGTAGACGGGCCGGAGTGGTTCGGCGTGGCGTCGAGCATACTCCGGTACACACTATGAAGTAGGCCATAGGGTCGACTTTGCTCGGATACCTATCCG
64556051_1,157,cattle,TAAGTATCTGCCTCCCATCTCACCGCGAGCTACAGCTCGGGTGGAACCACAATTTGACTGAATCAAAGTGTTATGGTAGACGGGCCGGAGTGGTTCGGTGTGGCGTCGAGCATCCTCCGGTACACACTATGAAGTAGGCCATAGGGTCGACTTTGCTCGGATACCTATCCG
